Sr.No;Basic Salary;House Rent Allowance;Other Allowances;Income Tax;Provident Fund;Professional Tax
1;58829;5532;3781;17648;1612;489
2;32868;8966;2014;9860;1262;288
3;48115;8068;2781;14434;3021;138
4;30895;8203;2145;9268;3344;306
5;63945;9242;3140;19183;3723;399
6;56029;8488;2267;16808;2847;450
7;50564;8357;3156;15169;1276;351
8;31311;5146;2148;9393;4065;200
9;-33261;9797;2085;9978;2397;417
10;30083;8105;2570;9024;2357;149
11;57803;6638;3643;17340;3208;193
12;58516;8799;2147;17554;4591;231
13;69234;6786;3344;20770;2212;486
14;43872;7538;2918;13161;2403;437
15;43859;6689;3290;13157;4990;403
16;40064;8285;3291;12019;3071;135
17;67896;6512;2919;20368;1327;391
18;51351;6107;3828;15405;2123;417
19;49543;5614;2886;14862;1757;466
20;55662;9291;2036;16698;2879;474
21;59227;8075;2235;17768;3526;364
22;39643;9096;3819;11892;3649;411
23;48049;5178;2454;14414;1113;435
24;64938;7232;2977;19481;4378;117
25;43722;6946;2969;13116;2553;339
26;32770;6878;3616;9831;4995;483
27;35332;5146;2173;10599;4268;290
28;35555;8528;3527;10666;2475;447
29;68287;8843;2841;20486;2186;337
30;45464;8987;3516;13639;1239;377
31;34778;9327;2854;10433;4336;170
32;44901;9073;2342;13470;1119;457
33;68485;7970;2212;20545;4981;416
34;42251;9597;2122;12675;2029;433
35;61523;5816;3352;18456;2481;341
36;56594;9931;3935;16978;2426;107
37;58134;6136;2258;17440;4182;426
38;45429;5401;3190;13628;4774;421
39;45971;6032;3767;13791;1043;141
40;48623;5862;3192;14586;2440;321
41;49425;7983;2748;14827;2546;306
42;37985;5648;2276;11395;2746;275
43;30152;6828;3851;9045;2334;477
44;33895;6236;2443;10168;1029;172
45;53820;6435;3006;16146;2931;362
46;66332;8965;2614;19899;2663;238
47;69554;5319;2930;20866;3783;392
48;34384;9589;3595;10315;3217;313
49;52061;9022;2016;15618;4980;140
50;49764;8396;2718;14929;3640;355
51;38998;6432;2300;11699;2222;319
52;67567;8716;3273;20270;2924;372
53;59761;8834;2688;17928;1159;458
54;39507;6713;2406;11852;3694;423
55;59612;7544;3107;17883;2733;304
56;39655;9731;3044;11896;3880;480
57;30177;5546;3709;9053;3717;494
58;49524;5328;3953;14857;4283;171
59;49383;5683;3695;14814;3638;322
60;64749;9579;2867;19424;2976;160
61;39364;6603;3056;11809;2957;245
62;65384;9654;2313;19615;3452;455
63;53128;5136;2390;15938;3049;187
64;68857;8825;2404;20657;3746;209
65;43809;5162;2059;13142;2565;430
66;64479;9094;3840;19343;3638;319
67;46336;8803;3415;13900;4264;119
68;52194;9468;2781;15658;2267;322
69;49491;8076;2335;14847;4559;294
70;66279;8152;3791;19883;1218;324
71;30703;6755;3353;9210;2928;216
72;51519;8955;3291;15455;3569;217
73;43741;5779;2778;13122;1416;450
74;60199;5073;3030;18059;3897;442
75;66188;8310;2622;19856;4027;438
76;50352;8955;3561;15105;2788;309
77;36061;6901;3311;10818;1004;325
78;45957;9362;2568;13787;4451;443
79;63493;7157;2357;19047;3331;470
80;30024;6806;3383;9007;4116;448
81;56669;7760;3512;17000;1880;156
82;40808;9842;2245;12242;2540;137
83;56942;8480;3725;17082;3486;252
84;67077;7851;3833;20123;1199;106
85;58445;8383;2173;17533;4721;488
86;63297;9942;3744;18989;2893;416
87;33533;8802;2924;10059;4285;423
88;36579;9153;2870;10973;4837;405
89;67409;6180;2173;20222;3200;274
90;68884;7452;3888;20665;1834;236
91;43715;6257;3389;13114;3850;363
92;66609;8969;3661;19982;3432;458
93;38096;5668;3832;11428;3424;100
94;33573;6488;3372;10071;4994;494
95;64897;7174;2337;19469;3575;133
96;41674;9512;2573;12502;4424;375
97;40464;6798;3710;12139;3321;478
98;45209;7070;2385;13562;2887;464
99;44682;6363;2140;13404;1709;354
100;44065;5385;2796;13219;3588;418
101;43402;6610;3332;13020;2616;221
102;43358;7544;2640;13007;3238;232
103;41556;6991;2824;12466;2215;368
104;60408;7705;2564;18122;4248;447
105;40193;9998;2200;12057;4891;434
106;61533;6576;3717;18459;3102;231
107;40497;9301;3308;12149;1904;133
108;42441;5147;2767;12732;2172;161
109;30192;5677;3283;9057;1328;392
110;63585;7223;3039;19075;1105;200
111;62695;5581;2414;18808;2271;348
112;30832;5107;2261;9249;2811;296
113;58952;6685;3901;17685;1344;187
114;55968;8463;3066;16790;1987;207
115;49069;5633;3998;14720;3369;371
116;51480;7029;2828;15444;1611;309
117;57585;9739;3661;17275;3662;415
118;39997;6421;3630;11999;1063;342
119;58550;8280;3397;17565;4227;335
120;43835;5471;2545;13150;1227;282
121;46482;5825;2590;13944;3001;112
122;31672;6268;3980;9501;2514;147
123;51723;9960;2640;15516;3059;334
124;69122;5084;3927;20736;3187;122
125;58974;5734;3728;17692;3746;362
126;64503;5512;2739;19350;1750;257
127;33760;7709;3079;10128;2770;400
128;38963;7531;2946;11688;3269;363
129;39217;9766;2781;11765;4264;236
130;36350;7900;3502;10905;3610;499
131;44516;7694;3133;13354;3166;226
132;49730;5514;3392;14919;2622;439
133;54901;7845;3005;16470;3669;385
134;39108;7856;2044;11732;2515;159
135;40903;9576;3891;12270;4688;475
136;49346;6359;2182;14803;2218;167
137;59287;8674;2909;17786;3141;190
138;47318;5976;2030;14195;3028;424
139;64008;9863;3150;19202;1347;152
140;62876;5268;2489;18862;4765;343
141;30296;9186;2350;9088;1166;193
142;48049;6363;3350;14414;3620;124
143;47895;6347;2315;14368;3352;115
144;59919;6701;3348;17975;4215;228
145;62792;8620;3160;18837;1765;171
146;46326;7726;3871;13897;1979;208
147;38940;9250;3858;11682;3796;215
148;45772;8779;2489;13731;2408;432
149;31993;5538;3667;9597;4046;355
150;64345;9624;2606;19303;4855;262
151;63881;7088;2495;19164;3842;454
152;36643;7987;3417;10992;3166;130
153;37390;6874;3098;11217;4423;374
154;58307;7507;2973;17492;1687;149
155;35570;9642;2506;10671;2961;450
156;49697;6915;2702;14909;2261;382
157;66496;8420;3171;19948;3920;447
158;55926;5936;2327;16777;3674;309
159;62961;8358;3930;18888;4155;171
160;34004;6712;3700;10201;3475;256
161;68479;9570;2431;20543;3402;180
162;32632;8961;2591;9789;3995;152
163;58705;9922;3419;17611;3074;352
164;57257;6098;2794;17177;3758;185
165;59496;5271;3555;17848;2987;491
166;42472;7924;2266;12741;1212;491
167;46793;9676;3801;14037;1660;203
168;44365;5401;2895;13309;1545;148
169;56549;5343;2326;16964;4736;256
170;35855;9570;3817;10756;1438;415
171;35566;9867;3383;10669;1156;311
172;46627;9655;3425;13988;4928;159
173;48335;7428;3304;14500;3780;410
174;55067;8499;3352;16520;1149;373
175;61769;5954;2636;18530;2709;417
176;52587;9605;3651;15776;4877;142
177;68145;6656;3584;20443;4225;251
178;31296;8347;3697;9388;2672;420
179;42865;6758;2412;12859;2560;476
180;54655;8431;2923;16396;1841;289
181;62694;8937;2764;18808;3222;289
182;49748;9741;3438;14924;1772;478
183;50840;6487;3457;15252;4096;431
184;60892;7961;2521;18267;1378;414
185;40936;5778;3302;12280;3399;393
186;47276;9396;3030;14182;2101;494
187;37735;6799;3011;11320;1598;326
188;66913;8048;2350;20073;1523;112
189;51246;5216;2025;15373;1072;338
190;54066;6562;3759;16219;2540;260
191;53512;8101;2250;16053;1017;249
192;38379;6940;2719;11513;1671;177
193;49057;6884;3240;14717;1510;141
194;42930;7631;3128;12879;1885;186
195;30455;6798;2158;9136;1434;312
196;44111;6582;2087;13233;4649;256
197;63124;8189;3120;18937;3541;468
198;61709;9130;3369;18512;1153;130
199;60653;6193;3595;18195;1991;139
200;51921;7566;3444;15576;4983;100
201;41433;5484;2534;12429;3096;407
202;35762;6160;3965;10728;2079;335
203;40680;6093;2284;12204;2878;162
204;44594;7600;2359;13378;2110;297
205;59765;8595;2249;17929;2951;336
206;54362;7738;2893;16308;4594;364
207;41085;8454;3968;12325;3251;499
208;59985;9200;2422;17995;4985;128
209;34285;5537;3440;10285;4107;219
210;47899;9108;3023;14369;4089;280
211;69252;8675;2975;20775;4292;194
212;40636;9837;2349;12190;1035;181
213;60417;5102;2407;18125;2834;211
214;67874;7250;3266;20362;2576;398
215;53577;8459;3937;16073;1989;423
216;43411;5302;2244;13023;4666;240
217;57552;7731;3031;17265;1397;256
218;35113;7479;2817;10533;4844;483
219;69212;5322;3135;20763;2738;358
220;63236;6458;2501;18970;1522;337
221;68062;6691;3714;20418;2241;108
222;51606;5238;3647;15481;2777;193
223;42678;6146;2665;12803;3426;267
224;60691;9246;2556;18207;2546;155
225;34603;7687;2143;10380;3347;247
226;38941;7305;2688;11682;3828;344
227;45185;5756;3395;13555;1531;102
228;61927;9174;2595;18578;2412;176
229;35602;9113;2201;10680;2361;254
230;33780;7248;3223;10134;4455;420
231;50552;5703;3019;15165;1906;272
232;41317;6522;2960;12395;2478;264
233;54896;8627;2060;16468;3724;150
234;62277;9152;2069;18683;3018;127
235;54753;6441;2529;16425;2442;311
236;47838;8009;3665;14351;4407;426
237;30143;8567;2048;9042;3596;347
238;61726;5561;2706;18517;1995;379
239;65290;9629;2822;19587;1902;153
240;41525;9919;2626;12457;3186;102
241;49236;5233;3143;14770;2724;304
242;53863;6127;3530;16158;4831;176
243;42872;6277;3961;12861;4165;113
244;41917;5431;3749;12575;2966;201
245;34978;5511;3011;10493;2593;323
246;30967;7823;3065;9290;2394;132
247;44880;5202;2935;13464;4211;305
248;32772;9748;2261;9831;4696;216
249;69871;7263;3613;20961;3676;370
250;52991;6720;3774;15897;1767;138
251;57965;6113;3511;17389;2460;342
252;43317;9385;3728;12995;1576;210
253;63543;9001;2275;19062;1554;428
254;46701;5129;3122;14010;4291;283
255;66266;6288;2054;19879;1046;350
256;36861;6198;3093;11058;2033;460
257;45044;8202;3073;13513;4140;251
258;49451;7844;3662;14835;1600;419
259;37624;6650;3838;11287;3050;420
260;35249;6709;3748;10574;4091;318
261;68750;6629;2279;20625;4953;314
262;53861;6110;3910;16158;1470;347
263;30809;7818;2056;9242;1486;335
264;44390;5073;3135;13317;1279;375
265;31390;9630;2144;9417;2398;324
266;54697;6143;2448;16409;1396;313
267;68565;8614;3314;20569;3113;262
268;61958;5164;2728;18587;1448;214
269;44507;5931;3464;13352;1388;136
270;43910;5107;3780;13173;3711;124
271;43949;8721;2824;13184;3220;234
272;67470;9804;3311;20241;4200;372
273;52228;7711;2223;15668;4982;479
274;66226;8414;2579;19867;4725;191
275;32175;9386;3600;9652;2668;269
276;58310;7500;3110;17493;2418;429
277;38030;6877;2337;11409;3965;134
278;39354;6044;3041;11806;3544;222
279;31248;9936;2588;9374;2041;193
280;59391;5560;2775;17817;2574;280
281;44407;5136;3720;13322;1821;338
282;41194;6974;2291;12358;2235;223
283;68187;6155;3921;20456;4518;190
284;49749;6582;3263;14924;2170;206
285;66459;7397;2353;19937;1018;255
286;63568;6865;2873;19070;2780;365
287;44201;7734;2990;13260;3918;362
288;42009;8497;2948;12602;3357;184
289;57888;9799;3065;17366;1500;146
290;35493;8047;3802;10647;4500;281
291;69620;8396;3604;20886;2790;238
292;57979;5512;2614;17393;4289;183
293;45437;8156;3795;13631;2333;164
294;62331;9292;2340;18699;3892;493
295;62734;7178;2727;18820;3435;229
296;37708;5220;2140;11312;2414;423
297;39654;6296;3192;11896;4396;117
298;40205;9603;2957;12061;2517;400
299;62466;7707;3023;18739;2013;106
300;36134;7916;2210;10840;4766;333
301;31914;7146;2812;9574;4467;333
302;49330;9350;2238;14799;2827;305
303;67447;7861;3360;20234;3754;356
304;66562;5186;3729;19968;3019;406
305;32021;9628;3819;9606;1752;268
306;56872;6141;3635;17061;2879;189
307;56752;7331;3284;17025;2185;415
308;30627;8982;3433;9188;1859;264
309;30433;8880;2032;9129;1724;174
310;47732;5894;2441;14319;1698;264
311;39402;8625;3479;11820;4564;408
312;33975;7532;2570;10192;1918;280
313;31805;7436;2278;9541;2405;154
314;54094;6422;2670;16228;1259;241
315;42159;6429;2375;12647;2130;159
316;47835;6898;2033;14350;1550;367
317;55209;6904;3887;16562;4055;453
318;43980;7009;3161;13194;1590;205
319;34520;9453;3102;10356;3185;495
320;58065;7481;2264;17419;3833;214
321;67926;8641;2604;20377;1966;139
322;54439;9280;2030;16331;2747;471
323;62085;5945;2122;18625;3374;354
324;64462;7724;2079;19338;3352;334
325;30500;7760;2825;9150;1801;121
326;59623;6835;2824;17886;3762;421
327;48735;7977;3359;14620;4396;465
328;66160;5678;3756;19848;3587;465
329;59418;9625;3482;17825;2593;165
330;45053;6238;2869;13515;3835;361
331;46562;6558;3050;13968;3215;302
332;65421;9972;2481;19626;1632;175
333;65335;5486;3522;19600;1895;430
334;42546;8261;2538;12763;1798;196
335;66196;6089;3499;19858;1425;482
336;47804;7062;3552;14341;4520;116
337;56600;7329;3860;16980;4262;157
338;31941;9486;2223;9582;3337;212
339;34991;9359;3205;10497;4045;335
340;36266;7838;3094;10879;1110;413
341;48157;8156;3020;14447;2024;304
342;43669;6729;3477;13100;2444;175
343;49603;9530;2972;14880;4856;371
344;68699;7869;3098;20609;4320;271
345;36056;6269;2142;10816;4708;174
346;67920;7817;3316;20376;1120;172
347;33295;6669;3724;9988;4173;398
348;64453;5204;2014;19335;1955;464
349;63482;9763;2596;19044;3875;351
350;62606;9395;3798;18781;4338;363
351;35593;8414;2845;10677;1669;431
352;41000;6067;2362;12300;2000;342
353;59587;6764;2732;17876;2797;455
354;60904;8987;3625;18271;3681;358
355;43711;8939;2724;13113;1570;430
356;33447;6664;3158;10034;2401;358
357;58752;5119;3404;17625;1728;280
358;33872;6101;2875;10161;1115;231
359;58493;9306;3796;17547;1848;301
360;46665;7234;3048;13999;2599;448
361;40879;9425;2674;12263;4558;356
362;52010;9222;3177;15603;3787;432
363;61980;7427;3989;18594;4996;388
364;60543;7907;3304;18162;1681;344
365;35087;6912;2278;10526;2672;389
366;63950;7460;2552;19185;2247;368
367;51755;7550;3390;15526;4987;288
368;66111;6322;3877;19833;1976;100
369;48022;5935;2227;14406;1165;435
370;61641;7446;3699;18492;4894;162
371;56475;9296;2313;16942;4105;276
372;33607;7879;2429;10082;1869;259
373;47475;7319;3471;14242;2312;496
374;32753;7517;3231;9825;1736;134
375;40703;8459;3165;12210;2165;448
376;39319;5640;3567;11795;4276;329
377;56334;7786;3773;16900;4355;416
378;51943;9318;3406;15582;2776;103
379;67098;7356;3747;20129;1245;159
380;39244;5024;2973;11773;4827;319
381;39719;5206;3099;11915;2238;278
382;67575;9745;2802;20272;3975;310
383;66265;8411;3969;19879;4919;259
384;37662;5258;3857;11298;1796;493
385;35306;7508;2489;10591;2016;264
386;67373;8455;3984;20211;3433;460
387;34453;9927;3476;10335;1112;443
388;53490;7313;3634;16047;2091;272
389;45541;8415;3211;13662;3971;181
390;61087;9845;3876;18326;1761;237
391;55878;6723;3787;16763;4936;229
392;37837;8916;3597;11351;3189;451
393;60509;9877;2372;18152;3683;149
394;62663;9630;3068;18798;3346;217
395;38388;6884;3574;11516;2041;263
396;47544;8131;2149;14263;3325;115
397;59279;9980;3293;17783;4791;333
398;45064;5292;2113;13519;3769;229
399;50085;8027;3716;15025;1900;342
400;55300;9703;2397;16590;4843;199
401;55133;6694;3700;16539;3426;258
402;38060;8791;3100;11418;2684;452
403;47179;9023;3504;14153;2299;288
404;66542;9413;2748;19962;2515;130
405;40543;6240;3485;12162;3838;369
406;57786;6339;3040;17335;3328;271
407;59823;6914;3739;17946;3091;135
408;39475;9471;2420;11842;3095;430
409;59704;6822;3870;17911;1743;498
410;37726;6640;3863;11317;3865;209
411;62439;8770;3319;18731;2444;265
412;46692;5283;3130;14007;4115;275
413;64719;6363;2448;19415;3600;334
414;56322;8675;2815;16896;2903;360
415;49284;9143;2725;14785;4072;124
416;35411;9605;3944;10623;2891;407
417;62223;6912;3776;18666;1654;102
418;38336;8972;3687;11500;1763;429
419;68239;6133;3789;20471;1025;302
420;57221;5642;2730;17166;2001;411
421;36267;8389;2414;10880;4314;469
422;54831;8738;3942;16449;2746;281
423;35306;6093;2255;10591;3544;210
424;31521;8090;3163;9456;1615;102
425;55497;7603;2197;16649;3679;329
426;63762;7913;3193;19128;1978;414
427;67149;8689;2739;20144;1156;266
428;34001;8091;2644;10200;2247;220
429;30471;8314;3372;9141;4905;461
430;34251;7870;3910;10275;1632;308
431;41572;5484;2127;12471;3779;230
432;30122;7215;3298;9036;1362;395
433;34038;7567;3171;10211;1128;274
434;38277;8991;3786;11483;4112;210
435;66370;8925;2309;19911;2498;283
436;55512;9237;2737;16653;3340;244
437;66245;6865;2661;19873;4356;148
438;59404;5588;2214;17821;1878;145
439;45142;9101;3149;13542;2873;466
440;60504;9117;3283;18151;3864;412
441;36122;5728;3068;10836;4973;247
442;64744;8168;3123;19423;1725;420
443;34678;6591;2463;10403;1002;155
444;45740;7198;3469;13722;1407;445
445;66913;9346;3282;20073;1585;185
446;69204;5147;2312;20761;3742;302
447;46990;7973;3839;14097;2080;478
448;68220;6793;3308;20466;4131;126
449;41886;8805;3511;12565;2221;341
450;38535;6630;2360;11560;2969;475
451;36821;8841;3853;11046;3495;106
452;61364;9873;3687;18409;4896;310
453;33032;8618;3886;9909;2805;411
454;66805;9015;2040;20041;4635;132
455;56884;6139;2296;17065;1502;288
456;53461;6576;2005;16038;3765;255
457;45153;9153;3442;13545;1832;275
458;45111;9599;3688;13533;3048;344
459;59170;6788;2868;17751;3429;100
460;44884;8554;2840;13465;3661;202
461;48300;8539;2487;14490;4913;163
462;46651;5705;2711;13995;1088;286
463;43156;7646;2837;12946;2467;192
464;40215;7711;3532;12064;2685;377
465;64953;8534;2886;19485;1209;120
466;47906;5197;2161;14371;1108;180
467;67994;5084;3803;20398;3403;344
468;37697;5927;2511;11309;2191;125
469;40488;9598;2576;12146;1603;397
470;55848;6242;3061;16754;1561;245
471;46053;6562;2563;13815;4088;164
472;36934;6136;3206;11080;4536;492
473;60787;7186;3266;18236;2658;395
474;63243;6417;3077;18972;3198;387
475;42210;8232;3853;12663;2030;299
476;62467;9141;2175;18740;1926;405
477;31104;6752;2334;9331;1606;275
478;45088;8489;2613;13526;4728;368
479;56975;9885;2048;17092;2083;245
480;37267;5525;3059;11180;1440;242
481;38215;9723;3187;11464;2550;470
482;48873;6734;2980;14661;1662;442
483;58418;6007;2429;17525;4291;341
484;69453;6232;2108;20835;3543;422
485;60964;9770;2013;18289;3143;480
486;66707;5553;3156;20012;4280;137
487;43268;9296;2046;12980;1914;384
488;35177;7784;3684;10553;3543;281
489;67592;6865;3010;20277;1992;110
490;49382;9327;3635;14814;3242;222
491;47463;8067;3665;14238;2210;126
492;40863;6556;2206;12258;4922;358
493;30404;9774;3898;9121;4125;309
494;35793;9447;3767;10737;2067;243
495;34142;7567;3150;10242;3807;289
496;61936;6011;3277;18580;2877;136
497;47869;6741;3860;14360;1428;236
498;49877;5424;2308;14963;4765;330
499;61517;5344;3558;18455;1830;103
500;44085;7787;3232;13225;4329;329
501;37643;9371;2162;11292;4152;126
502;41925;8241;2133;12577;4146;325
503;45090;8664;2972;13527;2259;378
504;46507;5129;3419;13952;3636;327
505;49906;7720;3614;14971;1865;401
506;43869;7310;3540;13160;3187;138
507;69980;9495;2940;20994;3887;362
508;58798;8889;2543;17639;4378;261
509;67061;5221;2231;20118;1416;404
510;66375;9972;2085;19912;2194;217
511;41378;9365;2159;12413;1622;297
512;63092;6969;2352;18927;4390;361
513;30491;8605;2099;9147;1123;266
514;52599;8541;2898;15779;1589;120
515;58766;5335;3418;17629;4125;129
516;38898;9942;2239;11669;1872;366
517;38500;8036;3347;11550;3179;239
518;47433;9862;2264;14229;1487;163
519;37470;8814;3074;11241;4571;478
520;46082;5501;2388;13824;4500;275
521;54996;8563;3232;16498;1717;282
522;42951;8347;2520;12885;4571;416
523;32516;7016;3795;9754;4673;283
524;36313;7292;3401;10893;1737;337
525;54290;7085;3644;16287;4074;158
526;50457;7379;3783;15137;3745;208
527;46492;9502;3039;13947;4459;411
528;68239;9371;3306;20471;1663;462
529;32297;8615;3120;9689;2330;339
530;61125;8608;2629;18337;3080;381
531;44305;9977;3993;13291;3066;160
532;46965;5429;3784;14089;1205;133
533;43560;6999;2232;13068;4758;350
534;67491;5603;2182;20247;2545;413
535;41197;5465;2043;12359;2235;226
536;37301;6567;2173;11190;1622;241
537;38692;7540;2326;11607;1356;163
538;54606;7291;2268;16381;3715;398
539;34581;8723;2726;10374;4388;135
540;50408;6947;2100;15122;1217;161
541;41839;9545;2337;12551;2588;277
542;54523;7472;2555;16356;1004;294
543;51344;7185;3745;15403;2880;429
544;42735;8886;2421;12820;3334;243
545;38653;8522;2072;11595;3028;305
546;47559;8780;3026;14267;4173;457
547;34324;9442;2810;10297;4145;234
548;49186;9916;2797;14755;2937;169
549;47688;5526;2002;14306;3731;123
550;39833;7113;2575;11949;3380;229
551;56416;5610;3889;16924;4956;494
552;62705;5881;2408;18811;3665;343
553;37018;9402;3098;11105;4773;431
554;38532;5875;3464;11559;1511;482
555;42280;9865;3292;12684;3289;237
556;61438;8199;3225;18431;2447;416
557;55474;6998;2419;16642;4014;438
558;50550;6615;3463;15165;3236;141
559;68338;6187;2682;20501;3938;405
560;47983;8855;2137;14394;2715;209
561;30954;5641;3453;9286;2693;294
562;47672;5303;3309;14301;4433;272
563;56969;6110;3938;17090;1236;122
564;33941;6625;2667;10182;1712;420
565;40198;8702;2431;12059;4745;101
566;54469;7506;2630;16340;3479;306
567;69716;5354;3232;20914;2349;247
568;45438;5265;2170;13631;3024;315
569;57168;7223;3745;17150;3050;120
570;56391;5982;2108;16917;2721;203
571;42882;8530;3805;12864;4439;262
572;30966;9280;2859;9289;2400;162
573;41303;8604;3959;12390;3965;266
574;54230;9145;2325;16269;1748;244
575;49455;6747;2811;14836;2352;489
576;54579;9004;2535;16373;3082;316
577;30794;9671;3760;9238;3044;172
578;55451;5005;3664;16635;1737;243
579;48126;7918;3637;14437;4743;473
580;43795;6606;3444;13138;1406;277
581;53797;8447;2567;16139;3907;145
582;67620;8239;3703;20286;1720;190
583;63764;6168;2391;19129;4476;168
584;54457;9141;3483;16337;2613;374
585;33643;7817;3300;10092;2776;212
586;61797;5721;2941;18539;3941;496
587;69328;7601;3300;20798;4712;417
588;61429;9159;3695;18428;1817;498
589;39335;7596;3946;11800;4497;181
590;32542;9710;3989;9762;4420;134
591;62588;6958;2177;18776;1601;319
592;33057;6625;3913;9917;4851;138
593;66237;5519;3394;19871;4464;123
594;56040;5270;2500;16812;2358;473
595;46852;6995;2625;14055;4648;243
596;37191;5173;3233;11157;3663;428
597;66059;5062;2620;19817;1093;112
598;45855;5290;3325;13756;2435;301
599;47498;5607;2844;14249;1113;183
600;69804;6116;3998;20941;4560;456
601;36019;6471;3983;10805;3382;448
602;40960;7534;3257;12288;3610;214
603;65439;7555;2241;19631;3322;487
604;55540;6701;2920;16662;1076;284
605;60005;9980;2217;18001;4502;367
606;66953;6659;2382;20085;2340;186
607;65008;8548;2043;19502;1078;155
608;56887;6452;2914;17066;4583;189
609;39246;9311;2336;11773;1021;133
610;62989;9433;2343;18896;2973;303
611;30067;6988;2030;9020;3930;192
612;35986;7245;2471;10795;1971;338
613;56009;5934;3933;16802;1011;166
614;54008;5373;2127;16202;2642;430
615;61698;6721;3545;18509;1168;272
616;39607;9818;3878;11882;4000;344
617;39382;8706;3768;11814;3801;151
618;49335;9281;2414;14800;3918;384
619;49355;6376;2633;14806;1117;151
620;45675;9584;2310;13702;3576;306
621;48939;6587;3098;14681;2429;427
622;64630;7819;2993;19389;2535;171
623;53243;5309;3802;15972;3051;238
624;59489;6977;2980;17846;1072;144
625;48675;8667;2329;14602;1387;299
626;65967;8952;3807;19790;2889;422
627;35255;9303;2089;10576;4396;266
628;46168;7760;2156;13850;1681;123
629;60917;7360;3038;18275;3343;303
630;48120;6168;2144;14436;4782;480
631;43056;8894;3015;12916;1165;225
632;50651;8948;2652;15195;1103;231
633;37639;7943;2922;11291;2163;308
634;62534;6451;3793;18760;3359;245
635;35590;9348;3726;10677;3121;174
636;68280;9234;3648;20484;2519;200
637;46446;8413;2268;13933;1790;480
638;46846;5691;3027;14053;4679;268
639;67251;9588;2860;20175;4374;481
640;65767;7756;3729;19730;1562;291
641;46683;7542;3519;14004;2956;383
642;66112;7481;2302;19833;4334;358
643;42675;6093;2318;12802;1188;453
644;39583;9087;2058;11874;1499;329
645;56818;7425;2845;17045;4818;339
646;43188;6931;2168;12956;1128;213
647;64074;5407;3049;19222;1446;299
648;62965;6736;2613;18889;2655;181
649;60778;8446;3105;18233;2808;397
650;34820;5880;3716;10446;2979;422
651;43713;7054;3708;13113;2869;334
652;66659;7837;2863;19997;4335;209
653;30019;8884;2396;9005;4745;315
654;69671;6450;3907;20901;1734;391
655;31448;7640;3526;9434;4590;278
656;48409;9230;3903;14522;4758;320
657;51365;8499;2321;15409;4562;348
658;38162;6021;3629;11448;3127;330
659;69804;8682;3985;20941;2075;404
660;63768;8071;2956;19130;4956;157
661;38044;8119;2750;11413;4358;117
662;54032;7140;3643;16209;1216;259
663;54797;7806;3264;16439;1340;136
664;37118;5649;3893;11135;4255;467
665;68830;8887;3718;20649;4417;305
666;32922;7271;3868;9876;3362;139
667;56592;6168;2264;16977;2879;138
668;43148;7068;3492;12944;1205;294
669;68201;9904;2173;20460;1184;278
670;49603;7040;3158;14880;1806;230
671;32463;8105;3006;9738;3442;109
672;57012;8434;3473;17103;1544;393
673;51590;7872;3119;15477;2039;419
674;38130;6927;3850;11439;1329;164
675;52961;5008;3993;15888;2201;240
676;44118;8942;2215;13235;4216;114
677;44787;6183;3720;13436;1934;281
678;36867;5312;2149;11060;1062;226
679;51472;6838;3462;15441;1018;112
680;43509;6852;2014;13052;3685;285
681;39078;8157;3101;11723;4868;145
682;40537;5338;3368;12161;3986;337
683;44719;7644;2427;13415;2736;338
684;45651;9898;3716;13695;4500;263
685;42098;8398;2963;12629;4159;407
686;56715;7828;2604;17014;3545;199
687;45851;8616;3012;13755;3924;388
688;40351;9281;2484;12105;2505;403
689;49138;5018;2893;14741;4163;245
690;68339;7352;2868;20501;2079;452
691;37867;6567;3720;11360;3224;386
692;53243;7850;2818;15972;4626;200
693;33877;7854;2290;10163;4415;428
694;48145;9328;3039;14443;2273;106
695;58280;9958;2429;17484;4068;172
696;34250;5224;3157;10275;4253;195
697;47269;6884;3272;14180;2488;168
698;31233;6544;2203;9369;3854;472
699;38949;6798;3731;11684;4286;319
700;39502;7126;3882;11850;1272;286
701;32340;7026;2156;9702;1805;284
702;40838;9876;3419;12251;4532;452
703;52286;8529;2314;15685;3867;428
704;62209;5284;2631;18662;3760;133
705;44718;8310;3507;13415;2699;256
706;44522;8518;3132;13356;1408;163
707;41355;7908;3326;12406;1665;376
708;64413;9733;3948;19323;1188;193
709;30421;8814;3388;9126;4731;490
710;46442;9805;3089;13932;4332;435
711;39598;8666;3994;11879;1505;159
712;32689;9127;2364;9806;4112;283
713;59418;8909;3753;17825;4878;356
714;66202;9220;2906;19860;3797;184
715;52090;9368;2377;15627;3828;312
716;44061;7494;2515;13218;2877;220
717;51266;8609;2044;15379;4672;111
718;47490;9691;3115;14247;2076;486
719;36680;5023;2664;11004;4256;235
720;32383;8832;3095;9714;1988;399
721;41856;7813;3668;12556;1549;480
722;48093;6311;3055;14427;3430;289
723;68260;8540;2170;20478;2610;165
724;52097;6347;2733;15629;1300;259
725;59539;6156;2163;17861;2184;460
726;41464;7107;3204;12439;1458;311
727;36173;5146;3777;10851;1414;416
728;51723;6887;2477;15516;2219;179
729;42005;5718;3296;12601;2705;286
730;52716;9696;2058;15814;3754;233
731;63568;6126;2538;19070;1644;325
732;59883;8729;2244;17964;4531;492
733;44783;5000;2962;13434;4879;242
734;37568;9690;3269;11270;2140;479
735;56487;5915;2857;16946;2445;130
736;59396;8432;2999;17818;2785;356
737;34257;7198;2602;10277;3427;466
738;42386;7188;2271;12715;2314;140
739;47890;8932;3338;14367;1295;125
740;47414;9726;2424;14224;3617;192
741;45096;7281;3501;13528;3016;416
742;57817;6356;2131;17345;4172;490
743;62313;8193;2593;18693;2624;418
744;39795;6819;2430;11938;3955;398
745;52635;7879;3462;15790;2867;445
746;35249;7633;3700;10574;3241;278
747;37842;6583;2826;11352;2361;172
748;41399;9213;3461;12419;3172;411
749;38139;5628;2737;11441;2075;166
750;40242;7829;2463;12072;2415;218
751;35021;5718;2180;10506;3300;246
752;45191;7100;3907;13557;1689;359
753;61220;7637;2178;18366;3483;331
754;37703;5503;2158;11310;4820;167
755;64333;5885;3627;19299;1765;162
756;30978;8413;3251;9293;1348;381
757;33084;9292;3987;9925;3610;359
758;57739;7934;2347;17321;3199;399
759;49808;9845;3968;14942;3742;157
760;45652;8336;2581;13695;1821;147
761;36443;8053;3226;10932;2930;351
762;52437;5222;3195;15731;4911;365
763;46721;7565;2679;14016;4597;251
764;39435;8962;2747;11830;1016;255
765;54314;5567;2760;16294;2527;319
766;46590;9105;3842;13977;4577;227
767;56547;6068;3957;16964;1810;108
768;42080;9800;3963;12624;4920;431
769;69458;6201;3139;20837;3495;390
770;65864;5122;2810;19759;2240;456
771;31621;7217;3173;9486;2316;226
772;50261;8814;3105;15078;2506;143
773;40422;5405;3485;12126;1517;340
774;42962;9184;3450;12888;1965;245
775;52486;7956;3680;15745;4255;472
776;68975;5695;2098;20692;3762;389
777;67960;6807;2148;20388;1109;154
778;49774;7279;3123;14932;1690;264
779;56671;9457;2556;17001;2674;208
780;49888;6677;2299;14966;4221;187
781;49913;5703;3716;14973;2855;269
782;51211;7854;3759;15363;2814;403
783;32401;7594;2243;9720;2453;362
784;33777;5646;3048;10133;4710;445
785;47881;9160;2641;14364;4118;481
786;47171;5953;3644;14151;4082;477
787;40057;9416;3974;12017;4397;117
788;55075;7297;2261;16522;2861;455
789;36773;7329;3194;11031;4650;310
790;57513;9075;2397;17253;4966;128
791;39287;9514;3207;11786;2919;233
792;40287;6670;3895;12086;1900;416
793;55891;5225;3108;16767;2128;140
794;55185;9870;2560;16555;3845;402
795;38830;9037;3145;11649;2666;180
796;40786;8827;2013;12235;1792;223
797;69035;7040;2229;20710;3027;324
798;50153;9899;3652;15045;1036;158
799;37683;8596;3318;11304;1893;235
800;59642;5988;3091;17892;1529;117
801;42793;5933;3003;12837;3490;160
802;55449;9663;3535;16634;1173;391
803;54096;8961;3958;16228;2686;444
804;34351;6817;3387;10305;2966;291
805;39461;8776;3556;11838;2057;364
806;52198;7326;2517;15659;4339;218
807;53964;6482;2283;16189;1381;427
808;57443;7816;3064;17232;2535;198
809;54972;5230;3251;16491;4671;259
810;45115;7034;3273;13534;4397;497
811;48425;5674;3608;14527;3783;185
812;42152;9672;2229;12645;1984;331
813;45324;9895;3679;13597;2286;396
814;47245;9521;2473;14173;3576;351
815;43372;9193;3030;13011;4925;372
816;31576;9566;2861;9472;4582;469
817;56788;9410;3111;17036;3062;477
818;67515;5185;3096;20254;4916;329
819;41217;5204;2277;12365;1382;116
820;42423;9272;3671;12726;3625;345
821;60737;7218;2887;18221;4808;419
822;51941;6519;2849;15582;4872;356
823;65575;9260;2577;19672;2759;439
824;48467;8327;3788;14540;4245;340
825;67554;7639;3732;20266;2110;158
826;64621;6441;2172;19386;3498;239
827;45039;5519;2679;13511;2697;216
828;56891;6272;3040;17067;2197;319
829;41271;7625;2879;12381;2298;350
830;62239;5852;3772;18671;4561;443
831;34833;7033;2463;10449;1614;217
832;39071;7382;2157;11721;2427;320
833;58046;6641;2088;17413;2261;286
834;32102;6729;3013;9630;3213;292
835;55919;8223;3894;16775;4757;368
836;59773;6704;2368;17931;4706;481
837;57389;6177;2750;17216;2611;185
838;37142;5243;2194;11142;2446;143
839;42231;5212;2598;12669;3426;307
840;64131;8271;2248;19239;4474;368
841;53989;6280;3656;16196;4304;447
842;49927;5154;2349;14978;4067;145
843;63833;8290;2697;19149;3525;424
844;41353;6955;2797;12405;1161;372
845;64324;5354;3795;19297;1946;276
846;57931;8841;3999;17379;3997;222
847;66545;8267;2606;19963;2844;482
848;48227;8127;2122;14468;3285;434
849;53620;7241;2844;16086;2137;412
850;48250;5690;2334;14475;1697;115
851;53347;5205;2656;16004;1006;491
852;32036;5902;2876;9610;2552;468
853;49546;8430;3556;14863;1439;237
854;49481;7333;3350;14844;4091;273
855;66990;8642;2767;20097;3392;415
856;33010;5346;2980;9903;1591;466
857;45636;9141;3561;13690;1006;249
858;67579;8421;3829;20273;1261;361
859;50690;6089;3110;15207;4418;369
860;51327;5154;3982;15398;1031;438
861;46755;9233;3855;14026;3947;427
862;60080;7500;2287;18024;1323;380
863;46338;8141;2616;13901;4407;476
864;49760;8390;3373;14928;3282;149
865;51392;7602;2595;15417;3320;473
866;54202;7312;2319;16260;3641;398
867;38782;5815;2335;11634;2349;413
868;54983;8262;3424;16494;1685;207
869;31048;9012;3504;9314;2157;200
870;59148;5522;3997;17744;4573;294
871;49800;7432;2290;14940;4741;423
872;62220;5250;2288;18666;2574;492
873;42948;5133;2858;12884;2870;214
874;36255;8529;2387;10876;1418;329
875;38600;8697;3526;11580;3737;338
876;68960;8518;2032;20688;3133;239
877;42911;8381;2279;12873;1192;407
878;43555;7473;3050;13066;1370;377
879;36130;6277;3736;10839;3819;222
880;47214;5099;3645;14164;2842;486
881;65650;5347;2623;19695;1559;119
882;58408;5191;3297;17522;2105;453
883;58402;6236;2430;17520;1670;141
884;63964;5804;3249;19189;1072;492
885;56943;8313;3160;17082;4491;407
886;52297;6302;2904;15689;2997;209
887;40114;7423;2163;12034;4317;131
888;46277;8467;3501;13883;1107;185
889;30719;8046;2276;9215;4833;233
890;44378;6582;2063;13313;4505;265
891;36834;9114;3266;11050;3207;111
892;53914;9838;3796;16174;3040;186
893;30444;6466;3700;9133;2479;308
894;51075;7699;2695;15322;3502;243
895;60635;7733;3155;18190;2213;454
896;36646;8467;3210;10993;4746;278
897;43286;9953;2666;12985;4673;436
898;68327;5497;2301;20498;4192;346
899;69386;7985;2358;20815;4331;243
900;47207;8864;3248;14162;4056;171
901;57986;8768;2479;17395;2020;197
902;60951;9566;2373;18285;3558;225
903;64119;8878;3965;19235;2894;390
904;41501;7977;3263;12450;1284;182
905;64797;7748;2011;19439;2715;152
906;44353;8655;3354;13305;3518;414
907;36518;8400;2521;10955;2671;184
908;35112;8308;2646;10533;2971;446
909;39490;9269;3842;11847;4064;440
910;63493;7329;3579;19047;4937;333
911;64616;5404;3800;19384;3161;101
912;31250;8180;3462;9375;1034;373
913;48920;5592;3054;14676;1426;130
914;37584;9534;3044;11275;4697;212
915;42131;8677;2826;12639;4983;479
916;45250;9373;2153;13575;2094;104
917;37912;5344;2034;11373;4852;346
918;34081;8149;2855;10224;3907;347
919;50623;6943;3982;15186;2826;143
920;34457;6948;3163;10337;4920;362
921;57774;9355;2563;17332;4835;447
922;33415;6202;3734;10024;3905;374
923;35117;8874;3456;10535;4463;439
924;30028;5639;2874;9008;2731;148
925;31545;9828;2202;9463;4372;299
926;69074;5999;2087;20722;2098;126
927;57504;6534;3513;17251;3722;382
928;49128;8113;2495;14738;1070;284
929;52317;8175;2140;15695;2992;134
930;66475;9515;3623;19942;4705;283
931;44836;7166;2754;13450;2405;335
932;41587;5537;3112;12476;1016;288
933;37054;5099;3951;11116;2598;147
934;39467;7769;3217;11840;2682;448
935;42354;8758;2820;12706;2130;410
936;33746;6425;3322;10123;4776;103
937;55427;6849;2306;16628;4857;109
938;58720;5597;2538;17616;3720;310
939;66710;8127;2123;20013;2315;327
940;46947;7770;3483;14084;2919;219
941;68016;6577;3486;20404;3519;396
942;52785;5944;2511;15835;4977;245
943;66709;7796;2250;20012;1747;338
944;37301;8320;3292;11190;1221;163
945;47266;8128;3813;14179;3926;140
946;57417;6141;3435;17225;3832;380
947;47016;6814;3229;14104;2812;216
948;60832;8095;3004;18249;3530;231
949;56521;7750;2195;16956;2761;353
950;34286;9358;3479;10285;2192;481
951;68906;6442;3006;20671;4385;427
952;48382;8986;3274;14514;3675;177
953;67460;7092;3475;20238;2248;201
954;36749;8166;2874;11024;3537;126
955;40862;9001;2778;12258;1363;452
956;45857;6540;3802;13757;1712;212
957;67778;5027;2532;20333;3937;231
958;42708;6073;3982;12812;1735;483
959;69752;6526;2075;20925;4139;160
960;45069;8413;2399;13520;2824;347
961;59649;6160;2885;17894;3718;497
962;56616;7649;3242;16984;3848;155
963;34265;9736;3801;10279;4522;203
964;36828;5119;2819;11048;3359;134
965;37524;8209;3523;11257;1674;480
966;63433;8806;3536;19029;4996;386
967;39250;5820;2555;11775;3284;137
968;53206;9756;3040;15961;3743;498
969;62500;9965;3633;18750;3501;297
970;68800;8426;3080;20640;4021;186
971;51455;8829;2958;15436;1953;408
972;41584;6020;2294;12475;2472;496
973;40473;9977;2290;12141;2802;452
974;32202;7956;2382;9660;1841;430
975;41615;7397;3403;12484;1829;186
976;44027;7892;2030;13208;2530;134
977;46785;8670;2786;14035;4234;429
978;47130;6079;3666;14139;2184;330
979;58643;9748;3279;17592;3562;263
980;63521;9881;2846;19056;1104;259
981;66811;9723;3121;20043;1627;232
982;39162;9627;2518;11748;4653;403
983;43339;6028;3427;13001;1208;491
984;33702;7270;3416;10110;2896;271
985;41013;8800;2223;12303;2140;352
986;62831;7507;3435;18849;2811;334
987;50575;5237;3784;15172;1784;152
988;33225;8730;3981;9967;2797;264
989;57461;9965;2848;17238;1468;265
990;63410;8903;2513;19023;3756;101
991;59779;7226;2687;17933;2787;172
992;41979;6305;2653;12593;3951;394
993;38317;8738;3168;11495;1002;351
994;54257;7578;2681;16277;1680;240
995;62852;9366;3963;18855;2192;452
996;63294;7885;2371;18988;3142;444
997;47611;7913;2495;14283;1013;234
998;69763;6030;3650;20928;4080;364
999;35299;5849;3915;10589;2453;250
1000;56232;9960;2647;16869;1359;278
1001;44502;6728;3097;13350;1297;495
1002;34363;9917;2907;10308;1675;111
1003;46736;8271;3409;14020;1326;432
1004;60084;9317;2879;18025;1206;226
1005;34953;8180;2809;10485;4307;161
1006;66193;9315;2378;19857;4630;406
1007;40030;7995;3662;12009;1825;191
1008;47958;9233;2831;14387;1639;298
1009;33927;7237;3004;10178;1537;245
1010;58367;5566;2949;17510;4159;374
1011;46011;6105;3501;13803;2004;437
1012;60425;9959;2666;18127;3855;426
1013;36292;7771;3104;10887;4909;384
1014;60757;6339;3538;18227;3756;493
1015;69224;6633;2761;20767;1029;376
1016;53510;6756;2182;16053;3277;334
1017;59878;7038;3278;17963;4033;132
1018;55016;9452;2153;16504;1968;370
1019;63176;8681;3051;18952;1005;138
1020;35931;6189;2632;10779;1186;103
1021;66648;9177;3999;19994;2196;450
1022;48702;7413;2274;14610;3938;276
1023;46757;9729;3860;14027;4094;416
1024;69911;9310;2740;20973;1290;324
1025;64763;7882;3660;19428;2535;108
1026;44982;5347;3535;13494;3116;225
1027;37334;9490;3105;11200;4627;498
1028;54771;8485;2468;16431;2029;419
1029;49617;7173;2152;14885;1581;342
1030;45408;5829;2565;13622;3336;365
1031;42508;9709;2693;12752;1326;190
1032;40884;6734;2917;12265;3756;179
1033;54266;5560;3207;16279;4232;494
1034;33551;6371;2983;10065;2675;200
1035;64271;8466;3456;19281;2754;331
1036;62443;9175;2778;18732;1603;105
1037;44968;7530;2652;13490;1458;400
1038;31086;5201;2359;9325;4545;109
1039;52304;8670;3986;15691;2679;279
1040;48264;6772;2136;14479;3116;164
1041;55690;8368;3203;16707;3912;395
1042;53846;6438;2786;16153;1941;387
1043;56786;8751;2268;17035;2894;210
1044;46165;8674;3239;13849;2019;250
1045;34674;7582;2734;10402;3042;131
1046;36870;5527;2863;11061;1514;304
1047;46905;5749;3891;14071;1167;209
1048;60369;9485;2109;18110;4476;412
1049;61551;9886;2422;18465;4538;329
1050;40026;8667;2300;12007;1523;336
1051;59306;6379;3621;17791;1065;251
1052;48498;8227;2688;14549;4710;404
1053;30395;7959;3275;9118;2790;484
1054;63509;7879;2687;19052;4145;453
1055;31474;5486;3523;9442;3912;318
1056;49420;6127;3708;14826;1510;262
1057;42361;8128;2758;12708;4059;328
1058;64861;7072;3268;19458;2472;291
1059;44486;8338;3181;13345;2168;336
1060;64441;5113;2432;19332;3179;278
1061;54512;9228;2760;16353;4515;402
1062;64918;7208;2046;19475;1186;277
1063;43109;6565;2424;12932;3780;272
1064;61055;7080;2355;18316;4412;458
1065;64308;6101;3056;19292;2867;356
1066;65312;8765;2112;19593;2747;137
1067;32426;6647;3702;9727;1941;234
1068;47538;7321;3381;14261;1816;487
1069;42605;7364;2879;12781;1400;266
1070;39234;6916;2257;11770;1600;347
1071;48728;8668;2563;14618;2945;193
1072;63701;9187;3144;19110;3200;180
1073;53220;9056;3866;15966;4262;230
1074;30513;9921;3250;9153;2788;406
1075;43014;6911;3141;12904;1414;453
1076;57114;6317;3096;17134;4249;267
1077;45676;6611;3561;13702;3903;221
1078;31739;5072;2451;9521;2789;455
1079;57597;6539;2337;17279;1189;110
1080;56975;6964;3828;17092;2404;343
1081;41830;7235;3687;12549;2685;480
1082;69594;9823;2667;20878;4314;168
1083;64911;6168;2394;19473;1809;411
1084;63322;6946;2239;18996;1882;487
1085;46801;7310;2350;14040;1652;356
1086;33851;7075;2828;10155;1609;192
1087;32727;6832;3996;9818;2497;255
1088;51171;9593;3478;15351;1628;459
1089;47895;5157;3441;14368;3743;381
1090;35228;8998;3489;10568;1351;353
1091;54222;6705;3389;16266;3628;119
1092;34362;7603;3739;10308;4347;136
1093;40531;7063;3341;12159;2975;106
1094;51678;8297;2872;15503;3487;367
1095;52549;5607;3993;15764;2333;258
1096;40994;8109;2399;12298;2536;398
1097;69565;7353;2738;20869;3329;493
1098;35264;9963;2104;10579;1904;193
1099;41024;9652;2421;12307;4030;269
1100;52449;6800;3210;15734;3207;461
1101;63601;7389;2828;19080;4833;174
1102;62928;7769;2791;18878;1109;366
1103;42987;5657;3040;12896;3491;364
1104;60722;6070;3947;18216;1736;426
1105;39463;6469;3021;11838;1698;115
1106;47936;7239;2369;14380;1586;480
1107;65547;8236;3737;19664;3218;203
1108;31753;8196;3871;9525;2865;330
1109;32558;8432;3496;9767;1312;405
1110;31356;7320;2892;9406;3520;327
1111;38408;5209;2791;11522;4651;325
1112;52630;9196;3411;15789;4874;354
1113;54452;6764;2833;16335;1216;343
1114;48148;8693;2487;14444;1457;258
1115;65357;6576;3707;19607;1433;367
1116;66098;7978;2261;19829;2659;446
1117;37887;7089;2398;11366;3540;127
1118;64159;8123;3613;19247;1730;183
1119;40355;9229;2247;12106;4246;268
1120;54118;9274;3386;16235;4430;182
1121;59171;5587;2383;17751;2876;402
1122;39926;5751;2531;11977;1154;195
1123;41555;5214;3530;12466;1771;207
1124;66699;7191;3251;20009;2174;138
1125;35580;5671;3191;10674;4114;384
1126;45650;8583;3550;13695;2055;271
1127;42992;6416;2649;12897;4888;450
1128;42695;5529;3669;12808;2474;331
1129;56272;9196;3411;16881;2334;481
1130;56822;7912;3097;17046;2976;288
1131;69985;9738;3779;20995;2416;263
1132;58023;5912;2636;17406;1691;101
1133;43230;6385;2986;12969;4996;373
1134;51690;6715;2357;15507;2541;169
1135;47350;8367;2501;14205;2393;295
1136;60428;7250;2485;18128;4879;466
1137;63484;7510;2363;19045;1257;111
1138;57213;5355;2604;17163;3481;490
1139;49600;5280;2858;14880;4786;247
1140;37971;6327;3800;11391;1923;499
1141;64886;8172;3597;19465;2059;468
1142;34356;5365;3064;10306;4152;499
1143;47059;5786;3463;14117;1181;328
1144;50007;6667;3390;15002;2813;278
1145;57024;8516;2990;17107;2097;368
1146;30879;8667;2358;9263;4573;170
1147;66172;5037;3718;19851;4322;299
1148;31786;8631;2139;9535;4550;230
1149;65691;6697;3113;19707;2962;350
1150;32347;5596;3781;9704;1966;235
1151;61211;5922;2421;18363;2633;218
1152;51573;6608;2829;15471;2540;328
1153;35350;8099;3414;10605;3112;317
1154;30356;6376;3237;9106;4542;136
1155;33254;7916;3088;9976;2341;441
1156;41626;9935;3199;12487;1237;205
1157;44296;9282;3531;13288;3640;439
1158;59787;8450;3010;17936;1483;385
1159;60036;7187;3494;18010;2424;309
1160;53008;8064;3639;15902;4152;186
1161;44023;7792;3298;13206;3620;278
1162;51530;9434;3254;15459;1556;433
1163;52525;7913;3277;15757;4769;253
1164;53626;9228;3032;16087;1326;474
1165;38697;6608;2087;11609;2219;249
1166;38773;8608;2801;11631;4830;378
1167;48709;6172;3075;14612;1747;390
1168;69602;7459;3960;20880;2920;292
1169;45634;9704;3452;13690;4127;146
1170;34260;9521;3426;10278;2822;242
1171;64606;5167;3578;19381;3580;100
1172;31554;9070;3223;9466;2313;265
1173;57675;8929;2214;17302;4831;183
1174;37827;5923;2482;11348;1664;169
1175;30270;5411;2874;9081;4384;256
1176;43986;8152;3075;13195;2345;416
1177;48648;5214;3427;14594;3815;205
1178;57854;5945;2355;17356;3681;146
1179;37515;9242;2710;11254;3507;438
1180;66672;9276;3962;20001;2741;338
1181;54906;7307;3111;16471;3656;485
1182;39971;7866;2954;11991;4678;158
1183;48938;5664;2376;14681;2711;219
1184;59554;9238;3654;17866;3563;113
1185;42258;7896;3834;12677;3172;453
1186;54396;8637;2597;16318;1757;170
1187;63065;7926;3320;18919;4953;429
1188;50909;9411;3314;15272;3518;194
1189;55701;8476;2763;16710;4953;235
1190;64334;6775;2431;19300;1398;433
1191;42081;7004;3821;12624;4518;440
1192;62445;6179;3981;18733;1970;463
1193;61920;7996;2500;18576;2073;438
1194;61360;9682;2639;18408;3531;148
1195;43813;6062;2458;13143;2324;391
1196;56495;9929;2120;16948;1641;140
1197;52648;5735;3137;15794;4780;257
1198;40644;8146;2166;12193;4614;245
1199;66885;7340;2673;20065;2449;329
1200;65930;5704;2373;19779;2749;304
1201;36614;9517;2156;10984;3864;227
1202;53596;7135;2010;16078;2141;151
1203;48568;8054;3335;14570;2982;297
1204;65602;9736;2179;19680;3374;272
1205;30798;8448;2639;9239;3559;373
1206;42959;5041;3638;12887;2392;375
1207;41624;9094;2098;12487;1591;174
1208;67290;9791;3762;20187;2953;225
1209;52448;9766;3595;15734;3784;462
1210;57267;7747;2123;17180;1919;225
1211;65665;7454;3983;19699;1666;326
1212;51876;9555;2727;15562;4996;397
1213;58376;7893;2953;17512;1289;203
1214;43172;8860;3620;12951;2579;438
1215;65333;9089;3491;19599;3913;238
1216;69555;5965;2956;20866;2480;291
1217;56305;7844;2699;16891;3527;209
1218;42064;9944;3735;12619;4194;214
1219;67245;8383;3517;20173;2432;172
1220;37579;8856;2818;11273;3457;335
1221;60876;6428;2810;18262;3980;420
1222;52776;7081;3997;15832;3279;209
1223;38980;8446;2165;11694;2929;381
1224;41379;9032;3236;12413;1334;281
1225;48870;5934;2443;14661;4073;210
1226;64734;9165;2980;19420;2319;328
1227;30046;5571;2757;9013;1533;176
1228;32376;8605;2869;9712;1482;367
1229;44243;5685;3705;13272;2471;204
1230;60496;9197;3065;18148;3581;363
1231;34738;6388;2116;10421;1931;258
1232;54187;7837;3136;16256;4494;342
1233;62141;7575;2338;18642;4786;424
1234;40991;6008;2142;12297;1727;107
1235;42816;7131;2408;12844;2956;158
1236;38522;5209;2144;11556;3909;353
1237;45822;7933;2174;13746;2300;452
1238;38064;6901;2877;11419;3687;296
1239;66581;9308;3661;19974;1920;120
1240;39885;6941;2367;11965;3831;235
1241;61569;5053;2946;18470;3508;464
1242;60347;5991;2062;18104;3146;176
1243;50834;6825;2525;15250;2765;457
1244;49867;8753;3177;14960;3806;149
1245;36439;7345;3305;10931;4761;231
1246;64883;8701;2068;19464;1083;132
1247;49469;5134;3903;14840;2617;132
1248;33564;7412;3867;10069;4438;121
1249;59820;7471;3132;17946;1965;407
1250;53294;9811;3214;15988;2351;211
1251;48144;6157;2468;14443;3776;390
1252;54929;7236;3606;16478;4598;115
1253;56416;9002;2567;16924;2476;211
1254;33815;9389;2349;10144;4370;480
1255;47444;5532;3156;14233;4031;151
1256;42017;7861;3603;12605;1968;369
1257;32189;9682;2298;9656;4687;205
1258;34857;9492;2014;10457;4239;294
1259;61980;9297;3461;18594;2073;427
1260;49493;7212;2499;14847;4180;229
1261;37227;7147;3595;11168;3211;475
1262;47366;6956;3848;14209;4087;225
1263;46990;7076;3658;14097;4256;367
1264;40637;5806;3898;12191;2581;197
1265;51231;6318;3202;15369;3957;153
1266;37411;7354;2737;11223;3341;354
1267;60347;6966;3694;18104;2833;216
1268;68556;6706;3614;20566;4325;269
1269;37053;5292;3627;11115;1908;143
1270;59247;8054;2402;17774;4832;184
1271;32331;6421;3485;9699;1943;200
1272;41120;9448;3004;12336;4685;407
1273;57022;8598;3201;17106;2564;232
1274;51656;5582;3240;15496;3360;308
1275;61438;8384;2048;18431;2338;338
1276;50224;8753;2189;15067;2778;291
1277;57759;5338;3553;17327;3524;344
1278;40846;8672;2302;12253;3765;429
1279;61368;6410;3685;18410;3842;381
1280;52782;6183;2052;15834;3863;315
1281;58785;8845;2911;17635;3417;290
1282;63128;6040;2709;18938;3835;295
1283;60991;7652;2517;18297;4449;289
1284;38381;9394;3298;11514;2521;164
1285;32070;9821;3700;9621;4503;236
1286;65711;5093;3797;19713;4342;490
1287;55717;8686;2008;16715;1748;481
1288;43532;8841;2913;13059;4825;292
1289;47131;7018;2882;14139;2328;425
1290;60831;5285;3914;18249;2537;225
1291;42336;6385;2842;12700;2708;377
1292;42751;9448;3685;12825;3451;290
1293;54539;7355;3511;16361;3855;302
1294;66298;5217;2468;19889;4875;365
1295;60314;8790;2978;18094;1406;384
1296;43669;8779;2462;13100;3162;450
1297;48605;9302;2854;14581;4986;250
1298;59271;7957;2147;17781;1923;237
1299;30792;7676;3855;9237;1744;152
1300;63788;6778;2066;19136;2738;396
1301;32934;9063;2715;9880;2763;103
1302;59378;9372;3586;17813;1486;335
1303;57539;8520;2138;17261;4765;491
1304;48600;6888;2745;14580;2557;223
1305;43822;5184;2851;13146;4265;361
1306;41691;9847;3528;12507;1135;344
1307;37817;5603;3178;11345;4575;210
1308;39893;5318;3706;11967;2344;256
1309;61576;6114;2780;18472;3684;285
1310;53633;6292;2714;16089;1202;356
1311;35974;9178;2309;10792;3488;213
1312;35575;7706;2787;10672;2569;140
1313;42662;5277;3910;12798;4752;322
1314;54078;8661;2632;16223;3498;488
1315;34275;6773;3138;10282;4117;249
1316;43314;7894;3253;12994;3786;264
1317;69347;6197;2624;20804;1411;449
1318;68944;6210;3011;20683;4490;454
1319;52764;8506;2519;15829;3977;284
1320;59763;9050;3181;17928;2795;448
1321;51500;5981;2597;15450;4524;424
1322;40367;8753;2380;12110;3875;230
1323;45775;5521;2649;13732;1413;122
1324;49596;5025;3449;14878;1071;191
1325;56849;5137;2140;17054;4341;375
1326;63071;6471;3599;18921;1291;472
1327;50979;9504;3632;15293;3300;202
1328;42600;6087;3484;12780;3391;389
1329;42981;5012;3804;12894;3506;459
1330;38781;6491;2335;11634;1331;198
1331;69176;7142;2181;20752;3031;217
1332;36419;9928;3184;10925;3128;362
1333;62029;7971;2976;18608;1490;107
1334;36440;7184;2439;10932;4798;294
1335;38150;8174;3656;11445;3133;233
1336;48210;9206;3644;14463;3105;331
1337;42879;9756;3772;12863;1916;282
1338;46283;6476;3953;13884;3173;400
1339;40861;7914;2377;12258;3810;217
1340;35352;9672;2092;10605;1462;132
1341;50004;9566;2621;15001;1514;495
1342;68748;9162;2059;20624;2025;443
1343;62149;8981;3193;18644;3049;207
1344;59767;7379;3845;17930;1144;237
1345;35100;7799;3868;10530;3551;110
1346;33226;5767;2721;9967;1626;429
1347;39296;5784;3996;11788;2554;423
1348;49399;8669;2870;14819;4205;131
1349;65757;5187;2574;19727;2105;107
1350;64852;7865;3604;19455;4133;209
1351;43930;9630;3701;13179;2066;451
1352;50885;5692;2526;15265;1771;498
1353;32782;7274;3539;9834;1985;298
1354;39956;6546;3051;11986;1044;167
1355;34124;9807;2157;10237;1832;208
1356;30529;7466;3228;9158;4084;358
1357;40776;8972;2953;12232;3375;126
1358;63366;8888;3454;19009;4619;306
1359;69730;8381;3475;20919;1743;166
1360;52890;9557;2765;15867;4082;124
1361;42671;8239;2917;12801;3964;422
1362;37208;5411;3936;11162;4639;450
1363;67228;8063;3488;20168;1129;393
1364;52474;7467;3146;15742;4538;489
1365;33276;6424;2024;9982;3121;370
1366;37593;5167;3024;11277;2642;210
1367;54982;5781;3669;16494;3719;416
1368;62590;9771;3659;18777;2036;246
1369;37762;6888;2136;11328;2179;433
1370;55957;6807;3029;16787;4679;127
1371;48060;5658;3288;14418;2872;286
1372;66259;9882;3830;19877;3119;321
1373;63967;8582;2156;19190;2017;169
1374;51012;6157;2003;15303;4013;217
1375;43611;8350;2627;13083;1757;182
1376;32800;6992;3913;9840;1795;341
1377;34921;5724;2419;10476;2672;247
1378;40224;8152;3175;12067;1155;110
1379;45193;5297;2544;13557;1374;399
1380;38524;6343;3561;11557;4586;439
1381;53416;6805;2416;16024;2856;379
1382;43520;5672;3096;13056;3241;473
1383;47608;5814;2797;14282;4067;417
1384;36877;7564;2090;11063;1716;129
1385;34538;6983;3957;10361;3773;435
1386;41441;6888;2673;12432;2597;308
1387;64466;7429;3029;19339;2462;180
1388;39746;8261;3220;11923;2448;496
1389;48063;9990;3638;14418;1390;402
1390;30527;8344;3429;9158;4243;379
1391;40686;7665;2549;12205;4616;381
1392;58093;5448;3803;17427;4933;145
1393;48593;7802;2263;14577;3889;331
1394;53005;6366;2127;15901;3350;413
1395;65551;9134;3342;19665;2740;261
1396;37912;6456;2405;11373;1933;171
1397;54098;8846;2976;16229;3545;380
1398;52268;6346;3466;15680;2424;217
1399;61663;9937;2489;18498;3617;305
1400;68688;5195;3697;20606;3542;406
1401;68516;9002;3212;20554;1882;461
1402;42088;8090;3155;12626;1391;160
1403;43819;5679;2214;13145;3201;105
1404;53785;9471;2294;16135;4078;189
1405;61017;7776;2324;18305;1007;387
1406;57468;5753;3582;17240;4419;340
1407;53899;5076;2971;16169;2947;112
1408;66555;9756;3148;19966;4069;391
1409;65614;8645;2022;19684;1830;161
1410;32923;7397;3960;9876;1783;178
1411;54290;5217;2618;16287;2358;299
1412;69021;8227;3408;20706;3020;436
1413;52416;7645;2095;15724;1924;367
1414;57507;9429;2826;17252;3590;219
1415;60287;8326;3278;18086;3717;173
1416;64728;5800;2065;19418;1630;386
1417;32577;6875;3447;9773;4607;477
1418;41501;9665;3437;12450;3176;124
1419;32646;5983;2616;9793;4907;331
1420;51032;8900;3055;15309;2900;197
1421;67975;7156;3605;20392;1467;275
1422;59849;9299;3046;17954;3509;130
1423;47849;9107;2911;14354;3741;163
1424;33449;7986;3680;10034;1451;203
1425;55833;6812;3394;16749;2291;146
1426;47061;9148;3297;14118;3914;476
1427;58763;9863;3868;17628;3777;139
1428;62044;5511;2895;18613;2649;216
1429;46002;8387;2009;13800;4394;450
1430;33725;6016;3843;10117;4171;226
1431;64979;9437;3896;19493;1862;224
1432;51006;6377;2000;15301;4818;196
1433;41444;8930;3099;12433;3259;122
1434;58913;8223;3795;17673;2304;254
1435;46632;6043;3980;13989;3415;499
1436;48406;7220;2686;14521;4823;337
1437;63830;9027;2224;19149;3953;458
1438;56031;9199;3661;16809;3737;128
1439;58036;8886;3009;17410;3527;269
1440;50559;7293;3526;15167;2293;471
1441;37524;5960;3030;11257;1354;213
1442;52433;8026;3973;15729;1491;131
1443;66140;5450;2572;19842;2845;461
1444;51032;7797;3874;15309;3972;242
1445;40478;9023;3141;12143;3105;156
1446;65466;6720;3585;19639;2111;224
1447;36091;7929;3846;10827;4761;116
1448;36133;8559;2130;10839;1748;386
1449;49157;5423;2498;14747;1543;391
1450;40457;7192;2213;12137;3643;116
1451;63160;5618;3430;18948;1110;135
1452;47302;6475;3019;14190;1070;188
1453;38799;8276;3211;11639;3598;270
1454;69874;5370;2204;20962;2090;200
1455;42486;8796;2294;12745;4652;469
1456;44183;7341;3864;13254;3466;445
1457;49870;9059;3258;14961;4500;293
1458;55139;7367;3834;16541;3575;345
1459;62055;7828;2542;18616;3635;413
1460;39172;5923;3426;11751;2322;209
1461;65875;8762;3025;19762;4630;274
1462;45275;8353;2075;13582;1456;132
1463;48193;9934;2686;14457;2851;231
1464;46985;8268;3926;14095;1145;281
1465;40828;6147;3036;12248;3297;256
1466;33814;7250;3389;10144;4789;391
1467;66889;7474;3591;20066;2618;393
1468;67995;5799;2807;20398;1972;100
1469;33587;7927;3541;10076;4070;333
1470;48281;8787;2461;14484;1633;167
1471;44389;8150;3948;13316;1792;490
1472;64507;6631;3031;19352;1117;483
1473;51987;8706;2863;15596;1771;376
1474;57739;7404;2497;17321;4812;324
1475;46324;8741;2613;13897;3667;365
1476;56749;9343;2015;17024;1056;462
1477;45994;5124;2229;13798;4113;493
1478;59628;6183;3552;17888;4802;225
1479;42486;8967;2786;12745;3256;255
1480;46588;9818;3063;13976;1862;235
1481;58905;5995;2052;17671;3792;223
1482;40750;5955;3949;12225;2677;231
1483;67299;8325;2114;20189;3172;369
1484;64534;8727;2542;19360;2906;112
1485;50081;6727;3944;15024;4938;340
1486;32354;9125;3641;9706;4423;148
1487;49667;7797;2884;14900;1082;113
1488;44520;7340;3869;13356;3554;399
1489;44055;8137;2022;13216;3607;479
1490;65711;6449;2387;19713;4302;136
1491;57765;5631;2976;17329;2502;363
1492;43917;7846;3465;13175;1815;412
1493;57495;8350;3983;17248;2334;248
1494;49240;9882;2928;14772;4904;316
1495;52493;8052;2896;15747;2626;268
1496;58360;7502;3176;17508;2204;230
1497;59293;8679;3795;17787;2231;490
1498;36308;7865;3713;10892;3065;313
1499;50117;7559;3607;15035;3143;491
1500;31795;8734;3497;9538;2436;148
1501;43112;7361;2947;12933;3210;150
1502;50916;5067;3287;15274;4480;179
1503;46299;5219;3787;13889;4036;358
1504;33022;8480;3689;9906;2225;165
1505;53912;5325;2317;16173;4026;440
1506;58871;5404;2215;17661;4473;158
1507;50137;9135;2251;15041;1641;307
1508;32416;7635;3649;9724;4954;287
1509;65155;6599;2733;19546;2447;110
1510;33150;5570;2637;9945;3974;358
1511;61481;5027;2109;18444;1973;168
1512;46443;8602;2011;13932;2612;485
1513;64497;8512;3838;19349;3491;457
1514;40531;7137;3338;12159;3086;188
1515;51741;6997;2053;15522;2353;194
1516;57135;9771;2611;17140;1723;497
1517;46788;7955;2560;14036;2375;473
1518;45366;8431;3994;13609;2385;134
1519;53060;9037;2399;15918;3701;128
1520;46226;7411;2619;13867;3676;109
1521;49767;7546;2991;14930;1853;165
1522;41154;9494;2104;12346;3609;474
1523;33058;7410;2567;9917;3041;450
1524;38222;8465;3450;11466;3819;167
1525;34584;6245;2597;10375;2281;435
1526;42295;9361;3036;12688;2718;300
1527;32790;6253;2149;9837;1827;414
1528;40320;7685;2787;12096;3868;422
1529;35829;7970;2260;10748;2041;166
1530;42579;8994;3727;12773;4094;241
1531;42388;6536;3471;12716;4520;146
1532;44024;8545;2793;13207;4950;250
1533;44722;8952;3185;13416;4138;351
1534;60335;5221;2079;18100;3854;337
1535;54375;6971;3100;16312;2555;207
1536;54591;6588;3976;16377;4890;413
1537;46699;9617;2681;14009;1192;377
1538;54221;6862;2031;16266;1252;399
1539;31937;6230;3576;9581;4828;371
1540;67025;5312;3230;20107;3242;422
1541;46176;5178;2157;13852;3998;273
1542;47632;7360;3483;14289;3018;237
1543;65848;5639;2119;19754;4021;197
1544;59188;7107;2399;17756;1306;375
1545;40214;6940;3085;12064;3542;206
1546;61437;9924;3821;18431;4045;305
1547;68898;9684;2733;20669;3934;411
1548;34321;6138;3093;10296;4385;398
1549;33219;5124;3350;9965;4279;490
1550;51100;7580;2537;15330;2203;293
1551;56710;7135;2910;17013;1000;235
1552;64417;8893;2828;19325;2469;140
1553;47855;8361;3343;14356;3543;228
1554;53656;5134;3368;16096;4675;241
1555;67523;8704;3668;20256;4486;136
1556;36678;5037;3585;11003;4657;137
1557;62712;9869;2251;18813;2658;468
1558;39432;9015;3901;11829;4602;451
1559;60390;7089;3455;18117;1641;371
1560;62850;9896;3447;18855;2022;166
1561;60197;8467;2537;18059;3872;261
1562;67422;9355;3996;20226;2431;262
1563;41241;5469;3211;12372;4648;138
1564;36351;7774;3448;10905;3830;494
1565;59461;5858;2907;17838;2027;371
1566;63790;7072;3868;19137;1949;432
1567;63481;5549;2488;19044;1416;462
1568;58939;7855;3299;17681;2271;496
1569;48872;7786;3308;14661;1135;241
1570;35454;6778;2861;10636;1949;404
1571;33399;9439;3353;10019;4235;273
1572;59098;8821;2647;17729;2518;195
1573;66451;6819;2416;19935;2248;258
1574;61751;8556;2195;18525;4445;102
1575;44721;5808;3780;13416;3968;333
1576;65584;9322;3778;19675;3462;295
1577;50871;7221;2199;15261;1481;248
1578;58204;9229;2390;17461;2633;264
1579;49272;9414;3902;14781;4303;149
1580;57730;9092;3458;17319;4005;367
1581;61128;5420;2093;18338;4291;281
1582;42075;6443;2342;12622;4816;303
1583;31104;9734;3612;9331;3411;127
1584;32452;8422;2433;9735;3794;227
1585;38849;9563;3539;11654;1510;303
1586;69130;8415;2040;20739;3423;134
1587;41425;7590;3103;12427;1329;489
1588;65448;7408;2397;19634;3110;352
1589;41117;6311;3392;12335;3189;255
1590;38283;9170;3077;11484;4325;489
1591;41499;7844;3534;12449;3219;186
1592;31057;5102;3862;9317;3156;187
1593;63207;8518;2550;18962;4985;453
1594;44641;5415;3302;13392;1802;492
1595;63076;5818;3687;18922;3867;156
1596;46122;7031;2763;13836;4133;348
1597;58146;8411;2292;17443;3796;202
1598;37762;8582;2676;11328;4333;261
1599;61669;9670;3368;18500;4540;470
1600;32617;9753;2037;9785;4369;314
1601;34270;8561;2383;10281;1423;316
1602;60979;5658;2267;18293;1312;289
1603;38416;8458;2876;11524;1657;211
1604;30518;8739;3457;9155;2197;147
1605;39702;6407;2157;11910;2247;278
1606;44888;7265;3381;13466;2975;246
1607;68328;8378;2924;20498;3743;193
1608;69818;6832;2501;20945;2023;483
1609;55031;7228;3593;16509;2327;288
1610;50541;6778;2138;15162;4027;379
1611;42940;5590;3166;12882;2078;318
1612;51296;9654;2843;15388;3217;241
1613;60803;9453;3198;18240;2073;345
1614;31254;7776;2489;9376;3330;219
1615;44724;8857;3336;13417;1574;239
1616;42835;8171;2710;12850;1474;344
1617;34788;6779;2722;10436;2322;285
1618;40020;6067;2394;12006;3502;150
1619;54140;5286;2008;16242;1753;482
1620;43741;5940;3356;13122;1325;375
1621;60701;5673;2887;18210;1792;178
1622;31685;6306;2590;9505;4569;170
1623;33571;5896;3581;10071;4089;487
1624;38644;6749;2694;11593;2111;470
1625;52059;9846;2881;15617;4827;126
1626;49642;6353;2549;14892;3668;320
1627;46013;8533;2697;13803;4777;353
1628;33157;6996;2750;9947;4566;420
1629;64214;7247;2593;19264;3181;479
1630;58599;7121;3652;17579;1575;194
1631;44657;6957;2615;13397;2311;375
1632;38593;9832;3650;11577;3096;187
1633;67407;5915;3515;20222;1877;250
1634;56418;5709;3383;16925;3498;297
1635;65897;8804;3698;19769;1448;483
1636;61935;7235;3214;18580;1385;485
1637;52008;6751;2908;15602;2598;441
1638;62520;5718;2793;18756;4185;438
1639;58524;7796;3280;17557;1809;454
1640;46608;6580;2388;13982;4741;421
1641;39828;5610;2431;11948;2935;232
1642;53282;5843;2591;15984;2000;264
1643;47603;5092;3988;14280;2285;370
1644;37620;6200;3371;11286;3693;214
1645;54560;5553;2972;16368;3900;485
1646;37729;5232;3211;11318;2483;462
1647;68466;9907;2846;20539;4940;162
1648;42496;9724;3984;12748;4725;248
1649;37689;5346;2749;11306;1697;364
1650;57092;5292;3085;17127;1776;247
1651;44648;7171;2411;13394;3839;178
1652;69075;5116;3424;20722;4919;370
1653;48081;5029;3503;14424;1223;339
1654;45693;6052;2329;13707;2551;168
1655;64357;8106;3221;19307;3241;471
1656;39676;9741;2920;11902;1201;487
1657;38233;6348;2405;11469;2565;144
1658;36786;7468;3360;11035;3688;421
1659;61210;6040;3043;18363;3366;410
1660;57560;6383;2942;17268;3329;466
1661;52678;8272;3073;15803;3268;330
1662;52064;7999;2414;15619;2407;179
1663;62031;6229;3701;18609;1397;444
1664;58502;9283;3097;17550;2822;496
1665;59475;6797;2425;17842;4920;300
1666;55461;6167;2242;16638;4692;463
1667;67471;6486;3404;20241;1355;384
1668;30522;8092;2426;9156;2830;182
1669;58281;8118;2914;17484;4854;166
1670;68227;8742;3039;20468;1918;110
1671;36974;6736;2863;11092;2436;261
1672;30939;6154;2150;9281;1413;106
1673;60337;6677;3393;18101;1827;167
1674;32987;9235;2907;9896;4439;233
1675;35849;8018;3999;10754;1644;158
1676;57485;6963;2847;17245;3244;244
1677;48469;8459;2595;14540;2886;320
1678;50664;7380;2437;15199;4835;287
1679;66133;5164;3900;19839;4221;487
1680;63661;6848;2273;19098;1702;475
1681;31040;5843;2042;9312;2180;402
1682;62663;9937;3496;18798;2935;119
1683;69028;6219;2229;20708;2234;294
1684;51817;9534;2207;15545;4668;328
1685;59634;6036;3777;17890;2026;341
1686;30685;9098;3088;9205;3514;154
1687;51337;8680;2282;15401;1885;316
1688;66036;7913;3438;19810;4946;215
1689;47079;7238;3048;14123;4593;335
1690;69578;9056;2382;20873;4896;346
1691;37698;7160;2261;11309;2983;460
1692;62933;5804;3764;18879;3430;239
1693;62419;8832;2826;18725;4928;145
1694;34938;9098;2315;10481;4457;101
1695;58063;6596;2587;17418;4132;342
1696;61771;7860;2323;18531;4668;499
1697;68038;9842;2653;20411;2897;455
1698;63513;8171;3506;19053;1697;271
1699;31608;7084;3934;9482;2320;364
1700;57125;6070;2776;17137;2335;207
1701;50858;9932;2731;15257;4587;287
1702;36363;9359;3126;10908;4983;380
1703;47878;7131;3162;14363;3216;460
1704;60391;5306;3482;18117;3140;434
1705;63652;7224;2590;19095;4794;498
1706;34283;5173;2207;10284;4577;172
1707;63328;5353;2971;18998;3982;125
1708;62933;7123;3415;18879;1121;464
1709;64538;7147;2196;19361;4411;188
1710;52527;6734;3801;15758;2163;225
1711;34297;5030;2930;10289;1465;190
1712;30259;7162;2986;9077;3825;166
1713;62457;9779;3470;18737;1720;249
1714;44477;9978;2931;13343;4452;296
1715;39174;8430;2650;11752;1172;240
1716;34324;6086;2430;10297;1973;256
1717;67419;6473;2595;20225;4913;160
1718;46755;8058;3482;14026;2935;211
1719;32047;9348;2385;9614;4365;266
1720;68080;5460;2226;20424;1388;479
1721;65335;8995;2874;19600;3233;349
1722;51095;9095;3507;15328;3639;222
1723;38283;6547;3332;11484;4275;355
1724;30243;6405;3755;9072;3737;216
1725;52476;9159;3372;15742;1458;309
1726;44327;9696;2939;13298;3174;346
1727;41884;5967;3626;12565;1783;151
1728;66920;8600;3670;20076;4550;480
1729;48532;8543;2672;14559;2655;343
1730;65325;5779;3792;19597;2301;418
1731;56172;9168;3634;16851;1738;230
1732;53606;8164;3983;16081;2279;379
1733;47872;8456;3115;14361;1498;104
1734;40471;9126;3300;12141;1279;337
1735;59556;5688;2235;17866;4620;123
1736;45998;9832;3240;13799;4026;434
1737;66455;9191;2245;19936;3047;348
1738;31308;7158;2248;9392;2224;160
1739;38481;5213;3896;11544;3688;375
1740;61908;9488;3552;18572;1422;360
1741;57495;8350;3567;17248;4802;251
1742;39007;5358;3435;11702;1058;498
1743;42596;7916;2943;12778;3266;361
1744;41407;7908;3314;12422;2991;128
1745;62686;9597;2461;18805;1165;211
1746;43561;9013;2263;13068;3179;114
1747;51759;5717;3728;15527;2212;421
1748;36186;9228;2590;10855;4528;418
1749;33905;6585;2542;10171;3286;117
1750;66634;7460;3051;19990;3484;470
1751;64381;8951;3665;19314;1748;217
1752;55929;6409;3609;16778;3501;333
1753;64282;6784;2235;19284;3363;288
1754;53767;7064;2634;16130;4822;230
1755;44452;8950;3574;13335;4855;153
1756;53880;6400;3042;16164;4019;400
1757;42575;6839;3272;12772;4345;240
1758;58829;8914;3525;17648;1739;164
1759;54324;7408;3121;16297;4362;304
1760;45473;7886;3764;13641;4650;296
1761;37180;9786;2152;11154;3465;198
1762;66592;9022;2782;19977;1509;488
1763;68473;6900;3904;20541;3124;357
1764;50225;8094;3559;15067;1588;150
1765;63647;9210;3843;19094;1985;420
1766;59285;6101;2818;17785;4128;313
1767;46259;9916;3185;13877;1863;436
1768;62960;6224;3585;18888;2461;490
1769;52347;5734;3613;15704;2674;401
1770;69099;8587;3698;20729;3212;447
1771;56366;7035;2382;16909;4693;319
1772;43595;6739;2582;13078;2074;306
1773;51469;6393;3051;15440;1850;279
1774;59753;5016;3542;17925;3550;429
1775;67544;6778;2107;20263;1297;148
1776;31490;9950;2303;9447;4197;155
1777;48755;9808;3272;14626;4476;475
1778;53719;5431;3622;16115;3864;199
1779;52376;5185;3838;15712;3186;251
1780;65803;7845;2631;19740;3668;180
1781;42639;9753;2844;12791;3126;306
1782;66371;9021;3442;19911;1997;467
1783;40370;8176;3762;12111;1973;115
1784;65327;8994;3067;19598;1625;384
1785;49349;6315;3455;14804;2674;229
1786;63709;5083;3976;19112;4379;424
1787;39990;7209;3239;11997;4019;302
1788;49989;9682;2969;14996;3147;329
1789;53749;5038;2487;16124;1235;215
1790;65171;9102;2152;19551;2553;339
1791;34016;6558;3774;10204;3407;271
1792;58362;8896;3077;17508;2081;490
1793;46622;8778;2428;13986;2064;324
1794;56112;7025;3551;16833;4510;463
1795;64983;9634;2381;19494;4270;386
1796;59457;9181;2713;17837;4579;296
1797;34689;7407;2305;10406;2288;193
1798;37179;6912;2133;11153;3767;286
1799;39597;8785;2184;11879;1990;380
1800;56739;6225;2726;17021;2702;111
1801;40263;8845;3858;12078;4073;274
1802;64098;6489;2303;19229;3228;151
1803;68458;8459;2817;20537;1527;426
1804;58751;5355;2441;17625;3741;420
1805;63926;5430;2205;19177;2911;473
1806;39329;6747;3402;11798;2851;450
1807;67744;8444;2243;20323;1799;224
1808;50327;9737;2198;15098;3473;177
1809;57725;8587;3334;17317;2004;358
1810;56838;8661;3730;17051;3304;228
1811;34514;5839;3781;10354;4081;473
1812;32111;9007;3844;9633;3647;330
1813;55031;5804;3765;16509;1349;160
1814;65186;6428;2826;19555;1880;340
1815;66024;8762;2445;19807;1388;128
1816;56993;7318;3233;17097;3454;464
1817;62246;6108;2156;18673;3935;306
1818;49337;8359;2847;14801;3796;350
1819;44648;9696;2084;13394;1217;413
1820;35226;7223;3268;10567;2382;124
1821;55331;5347;3090;16599;2976;228
1822;64968;7865;2124;19490;1876;306
1823;32849;8145;2850;9854;1467;206
1824;64885;6923;3354;19465;2200;208
1825;68813;8331;3743;20643;3150;482
1826;50581;5088;3057;15174;4441;255
1827;58539;8202;3684;17561;1198;492
1828;58399;5247;3344;17519;3823;165
1829;65078;5227;2046;19523;1213;493
1830;63952;6772;2753;19185;1566;465
1831;44930;8965;2163;13479;1044;287
1832;65959;7129;2219;19787;4086;169
1833;63404;5854;2006;19021;4945;329
1834;59346;9436;3673;17803;4222;117
1835;40826;8533;2754;12247;3966;172
1836;49435;6527;3974;14830;2659;435
1837;35886;7543;3320;10765;2616;217
1838;60613;6263;3839;18183;3062;362
1839;34951;9420;3622;10485;2602;389
1840;37734;7184;2269;11320;1068;132
1841;42814;8628;3122;12844;1960;469
1842;54361;5729;2659;16308;3424;371
1843;57640;9864;3204;17292;1605;394
1844;45089;7930;2264;13526;4248;457
1845;67812;8937;2515;20343;1135;435
1846;48097;7297;2563;14429;1389;331
1847;34691;8942;2455;10407;3400;357
1848;66976;9633;3473;20092;2044;233
1849;51047;5625;2291;15314;4711;393
1850;51993;9761;2412;15597;2199;394
1851;41741;8085;3206;12522;3681;315
1852;46013;8344;2751;13803;1473;479
1853;34056;8659;2495;10216;4622;356
1854;43779;8567;3302;13133;3292;236
1855;58235;5549;2985;17470;4491;192
1856;34535;7829;2790;10360;2313;397
1857;30732;8768;2970;9219;3126;431
1858;52152;8566;3638;15645;4000;489
1859;47373;8550;2342;14211;2743;390
1860;63047;8216;3367;18914;4013;354
1861;52538;5093;3384;15761;2275;490
1862;36456;9702;2262;10936;3664;105
1863;58162;6881;2837;17448;4593;147
1864;38962;5851;3089;11688;1085;260
1865;44465;8442;2420;13339;2669;336
1866;43733;6365;2433;13119;3717;148
1867;48326;7352;2729;14497;1331;471
1868;57748;9406;2181;17324;4104;365
1869;41097;5020;3839;12329;2055;182
1870;51037;9936;3535;15311;2516;243
1871;53885;5721;3982;16165;2052;218
1872;65753;7621;2499;19725;4898;195
1873;64704;7518;2105;19411;4357;155
1874;35695;7421;2170;10708;2881;490
1875;52012;7781;3587;15603;4609;413
1876;46255;7198;3034;13876;4795;193
1877;38958;9166;2981;11687;1599;275
1878;54602;7865;3943;16380;3724;304
1879;46576;5543;2244;13972;2084;424
1880;69440;9368;3352;20832;3522;308
1881;37969;9749;3958;11390;1615;412
1882;52121;9284;3055;15636;2107;390
1883;51796;8872;2358;15538;4667;484
1884;37810;7478;3068;11343;4043;370
1885;32982;9081;2943;9894;2906;298
1886;60010;6034;3073;18003;3915;410
1887;57945;9633;2051;17383;4033;276
1888;61715;6509;3547;18514;1643;343
1889;59077;8253;3530;17723;3981;235
1890;52322;7875;3685;15696;1309;235
1891;52043;8144;3835;15612;2656;255
1892;51497;7075;3806;15449;3481;298
1893;53383;6718;3236;16014;4157;199
1894;40233;8321;3387;12069;4270;328
1895;47961;6716;3820;14388;2046;306
1896;35857;6376;3979;10757;4948;191
1897;60846;8503;2560;18253;1145;272
1898;61888;5688;2247;18566;2693;472
1899;45526;6951;3693;13657;2433;400
1900;47464;9140;3193;14239;2352;357
1901;59076;8837;3956;17722;1829;265
1902;47864;8209;2001;14359;1957;319
1903;47734;9053;2721;14320;1046;110
1904;51995;9378;2519;15598;4211;446
1905;40804;9464;2930;12241;4618;414
1906;59992;7127;3794;17997;3142;454
1907;34514;6562;2884;10354;4767;176
1908;53127;8198;2470;15938;4621;353
1909;30569;6660;3402;9170;3359;202
1910;65471;6753;3805;19641;3200;165
1911;31393;8859;2311;9417;3393;479
1912;51244;5019;2939;15373;4568;101
1913;40410;5115;2412;12123;1851;230
1914;54604;9372;2618;16381;2843;175
1915;64660;7181;2467;19398;1943;482
1916;65147;5509;3179;19544;1649;300
1917;31365;8727;2218;9409;4425;130
1918;54826;6997;3565;16447;3368;307
1919;55209;6133;3244;16562;3603;168
1920;36107;6260;3236;10832;1648;292
1921;44180;8506;3567;13254;2675;409
1922;62646;7772;2697;18793;4493;160
1923;69950;7582;3242;20985;3731;487
1924;37868;5735;3681;11360;1444;369
1925;68555;7474;2012;20566;2381;264
1926;47688;8638;3427;14306;2890;112
1927;30623;8967;2256;9186;2430;138
1928;32568;5762;3955;9770;1269;457
1929;64750;9964;3321;19425;4637;384
1930;54700;8835;3188;16410;2403;342
1931;49236;8029;3708;14770;3913;128
1932;45998;5385;3976;13799;4243;238
1933;68442;6996;2116;20532;2725;403
1934;58775;9013;3832;17632;1930;217
1935;51985;6323;3357;15595;3267;259
1936;48113;7287;2129;14433;4941;273
1937;35397;8477;2991;10619;1520;318
1938;46113;9934;3318;13833;2523;202
1939;65639;9406;3427;19691;2995;222
1940;43421;6260;3908;13026;2656;383
1941;57788;6186;3978;17336;3966;498
1942;67566;5565;2234;20269;2863;265
1943;31009;5818;3048;9302;4214;149
1944;32687;9623;3297;9806;1286;132
1945;48183;6455;3726;14454;4087;354
1946;53656;7275;3900;16096;4763;420
1947;31225;7509;2558;9367;3906;465
1948;33716;6559;2824;10114;4730;299
1949;44860;8111;3430;13458;2736;207
1950;50172;9173;2774;15051;4050;462
1951;52208;6819;2100;15662;3545;295
1952;57939;8360;3813;17381;2827;257
1953;48874;8660;3302;14662;1564;429
1954;34913;8214;2171;10473;1358;136
1955;66307;8576;2944;19892;3235;369
1956;68760;6347;2015;20628;3559;167
1957;66622;7796;3612;19986;4047;480
1958;30585;7324;3125;9175;4270;474
1959;66784;7037;3684;20035;4654;198
1960;65140;5742;2930;19542;1816;439
1961;62384;6502;3954;18715;4977;145
1962;45849;5947;3679;13754;1004;243
1963;47306;7192;3188;14191;2825;365
1964;58455;7920;3357;17536;2016;192
1965;69673;7402;2825;20901;4952;428
1966;56461;6002;3610;16938;3695;234
1967;42587;6226;2515;12776;3061;267
1968;49914;7556;3090;14974;4273;478
1969;56454;9813;2786;16936;2583;144
1970;60887;7618;2645;18266;3563;466
1971;40558;5220;3090;12167;4614;266
1972;47026;8907;3226;14107;4543;494
1973;43191;6477;3138;12957;3846;441
1974;30867;7324;3369;9260;1271;378
1975;62024;5807;3941;18607;3402;158
1976;67540;6361;2363;20262;2592;202
1977;66032;9816;2177;19809;1521;438
1978;68288;5655;2619;20486;4585;252
1979;59514;7570;2276;17854;4279;328
1980;33349;7402;3873;10004;2588;294
1981;67431;7895;3115;20229;4702;467
1982;53579;9391;3715;16073;1557;295
1983;49588;6267;3055;14876;4371;190
1984;41878;6655;2199;12563;4556;450
1985;63586;7255;2225;19075;1452;262
1986;67757;9416;3128;20327;3513;244
1987;56872;5383;3163;17061;2068;456
1988;43750;6440;2277;13125;2900;135
1989;32199;6038;2968;9659;4789;454
1990;39404;7639;2623;11821;2444;190
1991;35296;7625;2356;10588;4471;118
1992;37173;7387;2915;11151;4243;443
1993;42195;5704;2367;12658;3754;412
1994;65142;9231;3224;19542;4874;129
1995;39972;7611;2358;11991;1886;174
1996;62503;7829;2086;18750;1742;166
1997;63682;7112;3912;19104;2199;161
1998;36394;7873;3049;10918;1089;390
1999;45036;7945;2288;13510;2489;292
2000;59296;5252;3640;17788;1845;326
